"","mean","se_mean","sd","2.5%","25%","50%","75%","97.5%","n_eff","Rhat"
"a",-119.574174210964,2.3911836535185,77.0462302331967,-275.366570397006,-168.583316651909,-119.183861174415,-67.5856285337736,28.7578813048911,1038.19019272722,1.00167752152656
"b",21.8884365108378,0.0542644424601935,1.72277898321497,18.5786295343416,20.7387858654698,21.8979805488717,22.9951758132778,25.4460936658879,1007.925515853,1.00256501856258
"sigma",85.7544499634454,0.407278632846641,16.0570814045628,61.1019160514161,74.5382687432715,83.3952108684674,94.8994082760722,122.770459292599,1554.35410991132,1.00265132430157
"lp__",-93.7211927422602,0.0382619868508526,1.36339914747916,-97.1714534109691,-94.3167153527621,-93.3801207287048,-92.7122490116871,-92.1425573710535,1269.72888651122,1.00132011402772
